date,city,rainfall
1/1/2018,宜蘭縣,3.5
1/1/2018,花蓮縣,0
1/1/2018,金門縣,0
1/1/2018,南投縣,0
1/1/2018,屏東縣,0
1/1/2018,苗栗縣,0
1/1/2018,桃園市,0
1/1/2018,高雄市,0
1/1/2018,基隆市,1
1/1/2018,連江縣,0
1/1/2018,雲林縣,0
1/1/2018,新北市,0
1/1/2018,新竹縣,0
1/1/2018,嘉義縣,0
1/1/2018,彰化縣,0
1/1/2018,臺中市,0
1/1/2018,臺北市,0
1/1/2018,臺東縣,0
1/1/2018,臺南市,0
1/1/2018,澎湖縣,0
1/2/2018,宜蘭縣,3.2
1/2/2018,花蓮縣,6
1/2/2018,金門縣,0
1/2/2018,南投縣,0
1/2/2018,屏東縣,0
1/2/2018,苗栗縣,0
1/2/2018,桃園市,0
1/2/2018,高雄市,0
1/2/2018,基隆市,0.5
1/2/2018,連江縣,0
1/2/2018,雲林縣,0
1/2/2018,新北市,0
1/2/2018,新竹縣,0
1/2/2018,嘉義縣,0
1/2/2018,彰化縣,0
1/2/2018,臺中市,0
1/2/2018,臺北市,0
1/2/2018,臺東縣,0.1
1/2/2018,臺南市,0
1/2/2018,澎湖縣,0
1/3/2018,宜蘭縣,1
1/3/2018,花蓮縣,0.09
1/3/2018,金門縣,0
1/3/2018,南投縣,0
1/3/2018,屏東縣,0
1/3/2018,苗栗縣,0
1/3/2018,桃園市,0
1/3/2018,高雄市,0
1/3/2018,基隆市,0
1/3/2018,連江縣,0
1/3/2018,雲林縣,0
1/3/2018,新北市,0
1/3/2018,新竹縣,0
1/3/2018,嘉義縣,0
1/3/2018,彰化縣,0
1/3/2018,臺中市,0
1/3/2018,臺北市,0
1/3/2018,臺東縣,0.09
1/3/2018,臺南市,0
1/3/2018,澎湖縣,0
1/4/2018,宜蘭縣,0.1
1/4/2018,花蓮縣,1
1/4/2018,金門縣,0.1
1/4/2018,南投縣,2.5
1/4/2018,屏東縣,8
1/4/2018,苗栗縣,0.5
1/4/2018,桃園市,0.5
1/4/2018,高雄市,7
1/4/2018,基隆市,0.09
1/4/2018,連江縣,0.1
1/4/2018,雲林縣,3.5
1/4/2018,新北市,0.5
1/4/2018,新竹縣,0.5
1/4/2018,嘉義縣,5
1/4/2018,彰化縣,5
1/4/2018,臺中市,4
1/4/2018,臺北市,0.3
1/4/2018,臺東縣,4.2
1/4/2018,臺南市,16
1/4/2018,澎湖縣,7
1/5/2018,宜蘭縣,3
1/5/2018,花蓮縣,0
1/5/2018,金門縣,0.09
1/5/2018,南投縣,1
1/5/2018,屏東縣,9
1/5/2018,苗栗縣,1
1/5/2018,桃園市,2.5
1/5/2018,高雄市,11.5
1/5/2018,基隆市,13
1/5/2018,連江縣,1.7
1/5/2018,雲林縣,1
1/5/2018,新北市,1.5
1/5/2018,新竹縣,1
1/5/2018,嘉義縣,4.5
1/5/2018,彰化縣,0.5
1/5/2018,臺中市,0.5
1/5/2018,臺北市,1
1/5/2018,臺東縣,10.5
1/5/2018,臺南市,4
1/5/2018,澎湖縣,2.7
1/6/2018,宜蘭縣,67.6
1/6/2018,花蓮縣,22.5
1/6/2018,金門縣,20
1/6/2018,南投縣,24
1/6/2018,屏東縣,4.5
1/6/2018,苗栗縣,26
1/6/2018,桃園市,24
1/6/2018,高雄市,1.5
1/6/2018,基隆市,48
1/6/2018,連江縣,16.1
1/6/2018,雲林縣,27
1/6/2018,新北市,23
1/6/2018,新竹縣,27.5
1/6/2018,嘉義縣,16.5
1/6/2018,彰化縣,17
1/6/2018,臺中市,15.5
1/6/2018,臺北市,26
1/6/2018,臺東縣,14.5
1/6/2018,臺南市,5.5
1/6/2018,澎湖縣,12.1
1/7/2018,宜蘭縣,57.1
1/7/2018,花蓮縣,27
1/7/2018,金門縣,34.5
1/7/2018,南投縣,3.5
1/7/2018,屏東縣,0
1/7/2018,苗栗縣,28
1/7/2018,桃園市,65.5
1/7/2018,高雄市,0
1/7/2018,基隆市,63.5
1/7/2018,連江縣,25.6
1/7/2018,雲林縣,4.5
1/7/2018,新北市,72
1/7/2018,新竹縣,57.5
1/7/2018,嘉義縣,5
1/7/2018,彰化縣,18
1/7/2018,臺中市,16.5
1/7/2018,臺北市,68.9
1/7/2018,臺東縣,5
1/7/2018,臺南市,1
1/7/2018,澎湖縣,6.1
1/8/2018,宜蘭縣,12.8
1/8/2018,花蓮縣,7.5
1/8/2018,金門縣,68.5
1/8/2018,南投縣,42.5
1/8/2018,屏東縣,0.5
1/8/2018,苗栗縣,61.5
1/8/2018,桃園市,107
1/8/2018,高雄市,0
1/8/2018,基隆市,71.5
1/8/2018,連江縣,35.3
1/8/2018,雲林縣,14
1/8/2018,新北市,92
1/8/2018,新竹縣,118.5
1/8/2018,嘉義縣,11.5
1/8/2018,彰化縣,20
1/8/2018,臺中市,28.5
1/8/2018,臺北市,76.1
1/8/2018,臺東縣,1
1/8/2018,臺南市,5
1/8/2018,澎湖縣,9.6
1/9/2018,宜蘭縣,5.5
1/9/2018,花蓮縣,18
1/9/2018,金門縣,6.5
1/9/2018,南投縣,53
1/9/2018,屏東縣,1.5
1/9/2018,苗栗縣,21
1/9/2018,桃園市,19.5
1/9/2018,高雄市,1
1/9/2018,基隆市,15
1/9/2018,連江縣,0.09
1/9/2018,雲林縣,27
1/9/2018,新北市,26.5
1/9/2018,新竹縣,22.5
1/9/2018,嘉義縣,26
1/9/2018,彰化縣,27.5
1/9/2018,臺中市,24.5
1/9/2018,臺北市,22.5
1/9/2018,臺東縣,0.5
1/9/2018,臺南市,3
1/9/2018,澎湖縣,16.4
1/10/2018,宜蘭縣,0.9
1/10/2018,花蓮縣,1.5
1/10/2018,金門縣,0
1/10/2018,南投縣,4.5
1/10/2018,屏東縣,4.5
1/10/2018,苗栗縣,0.5
1/10/2018,桃園市,0
1/10/2018,高雄市,1.5
1/10/2018,基隆市,0
1/10/2018,連江縣,0
1/10/2018,雲林縣,1
1/10/2018,新北市,0
1/10/2018,新竹縣,0.09
1/10/2018,嘉義縣,2
1/10/2018,彰化縣,1
1/10/2018,臺中市,1
1/10/2018,臺北市,0
1/10/2018,臺東縣,0.5
1/10/2018,臺南市,0.5
1/10/2018,澎湖縣,0
1/11/2018,宜蘭縣,0
1/11/2018,花蓮縣,0
1/11/2018,金門縣,0
1/11/2018,南投縣,0
1/11/2018,屏東縣,0
1/11/2018,苗栗縣,0
1/11/2018,桃園市,0
1/11/2018,高雄市,0
1/11/2018,基隆市,0
1/11/2018,連江縣,0
1/11/2018,雲林縣,0
1/11/2018,新北市,0
1/11/2018,新竹縣,0
1/11/2018,嘉義縣,0
1/11/2018,彰化縣,0
1/11/2018,臺中市,0
1/11/2018,臺北市,0
1/11/2018,臺東縣,0
1/11/2018,臺南市,0
1/11/2018,澎湖縣,0
1/12/2018,宜蘭縣,0
1/12/2018,花蓮縣,0
1/12/2018,金門縣,0
1/12/2018,南投縣,0
1/12/2018,屏東縣,0
1/12/2018,苗栗縣,0
1/12/2018,桃園市,0
1/12/2018,高雄市,0
1/12/2018,基隆市,0
1/12/2018,連江縣,0
1/12/2018,雲林縣,0
1/12/2018,新北市,0
1/12/2018,新竹縣,0
1/12/2018,嘉義縣,0
1/12/2018,彰化縣,0
1/12/2018,臺中市,0
1/12/2018,臺北市,0
1/12/2018,臺東縣,0
1/12/2018,臺南市,0
1/12/2018,澎湖縣,0
1/13/2018,宜蘭縣,0.09
1/13/2018,花蓮縣,0
1/13/2018,金門縣,0
1/13/2018,南投縣,0
1/13/2018,屏東縣,0
1/13/2018,苗栗縣,0
1/13/2018,桃園市,0
1/13/2018,高雄市,0
1/13/2018,基隆市,0.7
1/13/2018,連江縣,0
1/13/2018,雲林縣,0
1/13/2018,新北市,0
1/13/2018,新竹縣,0
1/13/2018,嘉義縣,0
1/13/2018,彰化縣,0
1/13/2018,臺中市,0
1/13/2018,臺北市,0
1/13/2018,臺東縣,0
1/13/2018,臺南市,0
1/13/2018,澎湖縣,0
1/14/2018,宜蘭縣,0
1/14/2018,花蓮縣,0
1/14/2018,金門縣,0
1/14/2018,南投縣,0
1/14/2018,屏東縣,0
1/14/2018,苗栗縣,0
1/14/2018,桃園市,0
1/14/2018,高雄市,0
1/14/2018,基隆市,0
1/14/2018,連江縣,0
1/14/2018,雲林縣,0
1/14/2018,新北市,0
1/14/2018,新竹縣,0
1/14/2018,嘉義縣,0
1/14/2018,彰化縣,0
1/14/2018,臺中市,0
1/14/2018,臺北市,0
1/14/2018,臺東縣,0
1/14/2018,臺南市,0
1/14/2018,澎湖縣,0
1/15/2018,宜蘭縣,0
1/15/2018,花蓮縣,0
1/15/2018,金門縣,0
1/15/2018,南投縣,0
1/15/2018,屏東縣,0
1/15/2018,苗栗縣,0
1/15/2018,桃園市,0
1/15/2018,高雄市,0
1/15/2018,基隆市,0
1/15/2018,連江縣,0
1/15/2018,雲林縣,0
1/15/2018,新北市,0
1/15/2018,新竹縣,0
1/15/2018,嘉義縣,0
1/15/2018,彰化縣,0
1/15/2018,臺中市,0
1/15/2018,臺北市,0
1/15/2018,臺東縣,0
1/15/2018,臺南市,0
1/15/2018,澎湖縣,0
1/16/2018,宜蘭縣,0
1/16/2018,花蓮縣,0
1/16/2018,金門縣,0
1/16/2018,南投縣,0
1/16/2018,屏東縣,0
1/16/2018,苗栗縣,0
1/16/2018,桃園市,0
1/16/2018,高雄市,0
1/16/2018,基隆市,0
1/16/2018,連江縣,0
1/16/2018,雲林縣,0
1/16/2018,新北市,0
1/16/2018,新竹縣,0
1/16/2018,嘉義縣,0
1/16/2018,彰化縣,0
1/16/2018,臺中市,0
1/16/2018,臺北市,0
1/16/2018,臺東縣,0.4
1/16/2018,臺南市,0
1/16/2018,澎湖縣,0
1/17/2018,宜蘭縣,1
1/17/2018,花蓮縣,1.5
1/17/2018,金門縣,0
1/17/2018,南投縣,0
1/17/2018,屏東縣,0
1/17/2018,苗栗縣,0
1/17/2018,桃園市,0
1/17/2018,高雄市,0.09
1/17/2018,基隆市,0.5
1/17/2018,連江縣,0
1/17/2018,雲林縣,0
1/17/2018,新北市,0
1/17/2018,新竹縣,0.1
1/17/2018,嘉義縣,0
1/17/2018,彰化縣,0
1/17/2018,臺中市,0.09
1/17/2018,臺北市,0
1/17/2018,臺東縣,11.1
1/17/2018,臺南市,0
1/17/2018,澎湖縣,0.09
1/18/2018,宜蘭縣,53.2
1/18/2018,花蓮縣,0
1/18/2018,金門縣,0
1/18/2018,南投縣,0
1/18/2018,屏東縣,0
1/18/2018,苗栗縣,0
1/18/2018,桃園市,0.5
1/18/2018,高雄市,0
1/18/2018,基隆市,21
1/18/2018,連江縣,0
1/18/2018,雲林縣,0
1/18/2018,新北市,0.3
1/18/2018,新竹縣,0.09
1/18/2018,嘉義縣,0.09
1/18/2018,彰化縣,0
1/18/2018,臺中市,0
1/18/2018,臺北市,0.09
1/18/2018,臺東縣,0.09
1/18/2018,臺南市,0
1/18/2018,澎湖縣,0.09
1/19/2018,宜蘭縣,15
1/19/2018,花蓮縣,4
1/19/2018,金門縣,1.8
1/19/2018,南投縣,5.5
1/19/2018,屏東縣,0
1/19/2018,苗栗縣,1.5
1/19/2018,桃園市,9
1/19/2018,高雄市,0.09
1/19/2018,基隆市,43
1/19/2018,連江縣,0
1/19/2018,雲林縣,1
1/19/2018,新北市,11
1/19/2018,新竹縣,8.5
1/19/2018,嘉義縣,0
1/19/2018,彰化縣,3.5
1/19/2018,臺中市,0.5
1/19/2018,臺北市,12.5
1/19/2018,臺東縣,0.09
1/19/2018,臺南市,0
1/19/2018,澎湖縣,0.5
1/20/2018,宜蘭縣,7.7
1/20/2018,花蓮縣,0.5
1/20/2018,金門縣,0
1/20/2018,南投縣,0
1/20/2018,屏東縣,0
1/20/2018,苗栗縣,0
1/20/2018,桃園市,0.5
1/20/2018,高雄市,0
1/20/2018,基隆市,17.5
1/20/2018,連江縣,0
1/20/2018,雲林縣,0
1/20/2018,新北市,1
1/20/2018,新竹縣,0
1/20/2018,嘉義縣,0
1/20/2018,彰化縣,0
1/20/2018,臺中市,0
1/20/2018,臺北市,2
1/20/2018,臺東縣,0
1/20/2018,臺南市,0
1/20/2018,澎湖縣,0
1/21/2018,宜蘭縣,14.5
1/21/2018,花蓮縣,0.09
1/21/2018,金門縣,0
1/21/2018,南投縣,0
1/21/2018,屏東縣,0
1/21/2018,苗栗縣,0
1/21/2018,桃園市,0
1/21/2018,高雄市,0
1/21/2018,基隆市,15.5
1/21/2018,連江縣,0
1/21/2018,雲林縣,0
1/21/2018,新北市,0
1/21/2018,新竹縣,0
1/21/2018,嘉義縣,0
1/21/2018,彰化縣,0
1/21/2018,臺中市,0
1/21/2018,臺北市,0
1/21/2018,臺東縣,0
1/21/2018,臺南市,0
1/21/2018,澎湖縣,0
1/22/2018,宜蘭縣,0.5
1/22/2018,花蓮縣,0.5
1/22/2018,金門縣,0
1/22/2018,南投縣,5.5
1/22/2018,屏東縣,0
1/22/2018,苗栗縣,3
1/22/2018,桃園市,0.5
1/22/2018,高雄市,0
1/22/2018,基隆市,0.5
1/22/2018,連江縣,0.2
1/22/2018,雲林縣,0.5
1/22/2018,新北市,1
1/22/2018,新竹縣,0
1/22/2018,嘉義縣,0.09
1/22/2018,彰化縣,2
1/22/2018,臺中市,4.5
1/22/2018,臺北市,1
1/22/2018,臺東縣,0.09
1/22/2018,臺南市,0.09
1/22/2018,澎湖縣,0
1/23/2018,宜蘭縣,1.4
1/23/2018,花蓮縣,0
1/23/2018,金門縣,0
1/23/2018,南投縣,0
1/23/2018,屏東縣,0
1/23/2018,苗栗縣,0
1/23/2018,桃園市,0.5
1/23/2018,高雄市,0
1/23/2018,基隆市,10.5
1/23/2018,連江縣,0
1/23/2018,雲林縣,0
1/23/2018,新北市,0
1/23/2018,新竹縣,0
1/23/2018,嘉義縣,0
1/23/2018,彰化縣,0
1/23/2018,臺中市,0
1/23/2018,臺北市,0
1/23/2018,臺東縣,0.1
1/23/2018,臺南市,0
1/23/2018,澎湖縣,0
1/24/2018,宜蘭縣,30.2
1/24/2018,花蓮縣,1
1/24/2018,金門縣,0
1/24/2018,南投縣,0
1/24/2018,屏東縣,0
1/24/2018,苗栗縣,0
1/24/2018,桃園市,0
1/24/2018,高雄市,0
1/24/2018,基隆市,6
1/24/2018,連江縣,0
1/24/2018,雲林縣,0
1/24/2018,新北市,0
1/24/2018,新竹縣,0
1/24/2018,嘉義縣,0
1/24/2018,彰化縣,0
1/24/2018,臺中市,0
1/24/2018,臺北市,0
1/24/2018,臺東縣,0
1/24/2018,臺南市,0
1/24/2018,澎湖縣,0
1/25/2018,宜蘭縣,16.5
1/25/2018,花蓮縣,0
1/25/2018,金門縣,0
1/25/2018,南投縣,0
1/25/2018,屏東縣,0
1/25/2018,苗栗縣,0
1/25/2018,桃園市,0
1/25/2018,高雄市,0
1/25/2018,基隆市,8.5
1/25/2018,連江縣,0
1/25/2018,雲林縣,0
1/25/2018,新北市,0
1/25/2018,新竹縣,0
1/25/2018,嘉義縣,0
1/25/2018,彰化縣,0
1/25/2018,臺中市,0
1/25/2018,臺北市,0
1/25/2018,臺東縣,0
1/25/2018,臺南市,0
1/25/2018,澎湖縣,0
1/26/2018,宜蘭縣,5.7
1/26/2018,花蓮縣,0
1/26/2018,金門縣,0
1/26/2018,南投縣,0
1/26/2018,屏東縣,0
1/26/2018,苗栗縣,0
1/26/2018,桃園市,1
1/26/2018,高雄市,0
1/26/2018,基隆市,60
1/26/2018,連江縣,0.1
1/26/2018,雲林縣,0
1/26/2018,新北市,0.3
1/26/2018,新竹縣,0.1
1/26/2018,嘉義縣,0
1/26/2018,彰化縣,0
1/26/2018,臺中市,0
1/26/2018,臺北市,0
1/26/2018,臺東縣,0
1/26/2018,臺南市,0
1/26/2018,澎湖縣,0
1/27/2018,宜蘭縣,11.8
1/27/2018,花蓮縣,1
1/27/2018,金門縣,0
1/27/2018,南投縣,0.09
1/27/2018,屏東縣,0
1/27/2018,苗栗縣,0
1/27/2018,桃園市,0
1/27/2018,高雄市,0
1/27/2018,基隆市,4
1/27/2018,連江縣,0.09
1/27/2018,雲林縣,0
1/27/2018,新北市,0
1/27/2018,新竹縣,0
1/27/2018,嘉義縣,0.09
1/27/2018,彰化縣,0
1/27/2018,臺中市,0.09
1/27/2018,臺北市,0
1/27/2018,臺東縣,0.09
1/27/2018,臺南市,0
1/27/2018,澎湖縣,0.4
1/28/2018,宜蘭縣,5.1
1/28/2018,花蓮縣,1
1/28/2018,金門縣,2.2
1/28/2018,南投縣,3.5
1/28/2018,屏東縣,0
1/28/2018,苗栗縣,5.5
1/28/2018,桃園市,13.5
1/28/2018,高雄市,0.09
1/28/2018,基隆市,19.5
1/28/2018,連江縣,11
1/28/2018,雲林縣,4.5
1/28/2018,新北市,11.6
1/28/2018,新竹縣,5
1/28/2018,嘉義縣,0.5
1/28/2018,彰化縣,8
1/28/2018,臺中市,2.5
1/28/2018,臺北市,11.5
1/28/2018,臺東縣,6
1/28/2018,臺南市,0.09
1/28/2018,澎湖縣,1.4
1/29/2018,宜蘭縣,11
1/29/2018,花蓮縣,1.5
1/29/2018,金門縣,8.3
1/29/2018,南投縣,3.5
1/29/2018,屏東縣,2.5
1/29/2018,苗栗縣,10
1/29/2018,桃園市,12.5
1/29/2018,高雄市,0.5
1/29/2018,基隆市,38.5
1/29/2018,連江縣,0.9
1/29/2018,雲林縣,2.5
1/29/2018,新北市,11.5
1/29/2018,新竹縣,6
1/29/2018,嘉義縣,1
1/29/2018,彰化縣,2
1/29/2018,臺中市,1
1/29/2018,臺北市,8.8
1/29/2018,臺東縣,0.09
1/29/2018,臺南市,0.5
1/29/2018,澎湖縣,0.4
1/30/2018,宜蘭縣,46.4
1/30/2018,花蓮縣,1.5
1/30/2018,金門縣,1.7
1/30/2018,南投縣,1
1/30/2018,屏東縣,5
1/30/2018,苗栗縣,2
1/30/2018,桃園市,5.5
1/30/2018,高雄市,0.5
1/30/2018,基隆市,41
1/30/2018,連江縣,1.5
1/30/2018,雲林縣,2.5
1/30/2018,新北市,11.5
1/30/2018,新竹縣,2
1/30/2018,嘉義縣,3.5
1/30/2018,彰化縣,0.5
1/30/2018,臺中市,2
1/30/2018,臺北市,7.7
1/30/2018,臺東縣,0
1/30/2018,臺南市,3.5
1/30/2018,澎湖縣,0
1/31/2018,宜蘭縣,14.1
1/31/2018,花蓮縣,0
1/31/2018,金門縣,5.7
1/31/2018,南投縣,0.09
1/31/2018,屏東縣,0
1/31/2018,苗栗縣,8
1/31/2018,桃園市,32.5
1/31/2018,高雄市,0
1/31/2018,基隆市,42.5
1/31/2018,連江縣,11
1/31/2018,雲林縣,1
1/31/2018,新北市,27.5
1/31/2018,新竹縣,17.5
1/31/2018,嘉義縣,1
1/31/2018,彰化縣,0.5
1/31/2018,臺中市,2.5
1/31/2018,臺北市,17.5
1/31/2018,臺東縣,0.09
1/31/2018,臺南市,1
1/31/2018,澎湖縣,1.7
2/1/2018,宜蘭縣,2.8
2/1/2018,花蓮縣,1
2/1/2018,金門縣,0
2/1/2018,南投縣,7.5
2/1/2018,屏東縣,3
2/1/2018,苗栗縣,5.5
2/1/2018,桃園市,0
2/1/2018,高雄市,1
2/1/2018,基隆市,14.5
2/1/2018,連江縣,0.2
2/1/2018,雲林縣,3
2/1/2018,新北市,5
2/1/2018,新竹縣,4.5
2/1/2018,嘉義縣,3
2/1/2018,彰化縣,2.5
2/1/2018,臺中市,2.5
2/1/2018,臺北市,2.8
2/1/2018,臺東縣,0.09
2/1/2018,臺南市,0.5
2/1/2018,澎湖縣,0.5
2/2/2018,宜蘭縣,2.1
2/2/2018,花蓮縣,0
2/2/2018,金門縣,0.7
2/2/2018,南投縣,1
2/2/2018,屏東縣,0
2/2/2018,苗栗縣,1
2/2/2018,桃園市,0
2/2/2018,高雄市,0
2/2/2018,基隆市,28.5
2/2/2018,連江縣,1.3
2/2/2018,雲林縣,0
2/2/2018,新北市,10
2/2/2018,新竹縣,1.5
2/2/2018,嘉義縣,0
2/2/2018,彰化縣,0
2/2/2018,臺中市,0
2/2/2018,臺北市,5.9
2/2/2018,臺東縣,0
2/2/2018,臺南市,0
2/2/2018,澎湖縣,0
2/3/2018,宜蘭縣,7.5
2/3/2018,花蓮縣,3.5
2/3/2018,金門縣,0
2/3/2018,南投縣,3
2/3/2018,屏東縣,0
2/3/2018,苗栗縣,0.5
2/3/2018,桃園市,17.5
2/3/2018,高雄市,0
2/3/2018,基隆市,38
2/3/2018,連江縣,0
2/3/2018,雲林縣,0.5
2/3/2018,新北市,32.5
2/3/2018,新竹縣,8.5
2/3/2018,嘉義縣,0.2
2/3/2018,彰化縣,0.5
2/3/2018,臺中市,1
2/3/2018,臺北市,26.5
2/3/2018,臺東縣,0
2/3/2018,臺南市,0
2/3/2018,澎湖縣,0
2/4/2018,宜蘭縣,10.1
2/4/2018,花蓮縣,1
2/4/2018,金門縣,0
2/4/2018,南投縣,0.09
2/4/2018,屏東縣,0
2/4/2018,苗栗縣,0.5
2/4/2018,桃園市,13.5
2/4/2018,高雄市,0
2/4/2018,基隆市,44
2/4/2018,連江縣,0
2/4/2018,雲林縣,0
2/4/2018,新北市,32
2/4/2018,新竹縣,5
2/4/2018,嘉義縣,0
2/4/2018,彰化縣,0
2/4/2018,臺中市,0.09
2/4/2018,臺北市,28
2/4/2018,臺東縣,0
2/4/2018,臺南市,0
2/4/2018,澎湖縣,0
2/5/2018,宜蘭縣,5.1
2/5/2018,花蓮縣,5.5
2/5/2018,金門縣,0
2/5/2018,南投縣,4.5
2/5/2018,屏東縣,0
2/5/2018,苗栗縣,0.5
2/5/2018,桃園市,13
2/5/2018,高雄市,0
2/5/2018,基隆市,25
2/5/2018,連江縣,0
2/5/2018,雲林縣,0
2/5/2018,新北市,20
2/5/2018,新竹縣,10
2/5/2018,嘉義縣,0
2/5/2018,彰化縣,0
2/5/2018,臺中市,0.09
2/5/2018,臺北市,17
2/5/2018,臺東縣,0
2/5/2018,臺南市,0
2/5/2018,澎湖縣,0
2/6/2018,宜蘭縣,0.09
2/6/2018,花蓮縣,0
2/6/2018,金門縣,0
2/6/2018,南投縣,0
2/6/2018,屏東縣,0
2/6/2018,苗栗縣,0
2/6/2018,桃園市,0
2/6/2018,高雄市,0
2/6/2018,基隆市,0
2/6/2018,連江縣,0
2/6/2018,雲林縣,0
2/6/2018,新北市,0
2/6/2018,新竹縣,0
2/6/2018,嘉義縣,0
2/6/2018,彰化縣,0
2/6/2018,臺中市,0
2/6/2018,臺北市,0.09
2/6/2018,臺東縣,0
2/6/2018,臺南市,0.09
2/6/2018,澎湖縣,0
2/7/2018,宜蘭縣,21.3
2/7/2018,花蓮縣,17
2/7/2018,金門縣,0
2/7/2018,南投縣,7.5
2/7/2018,屏東縣,0
2/7/2018,苗栗縣,4
2/7/2018,桃園市,6.5
2/7/2018,高雄市,0
2/7/2018,基隆市,38.5
2/7/2018,連江縣,0
2/7/2018,雲林縣,4
2/7/2018,新北市,15
2/7/2018,新竹縣,6.5
2/7/2018,嘉義縣,2.5
2/7/2018,彰化縣,2.5
2/7/2018,臺中市,1.5
2/7/2018,臺北市,14.5
2/7/2018,臺東縣,2
2/7/2018,臺南市,0.5
2/7/2018,澎湖縣,3
2/8/2018,宜蘭縣,14.4
2/8/2018,花蓮縣,5
2/8/2018,金門縣,0
2/8/2018,南投縣,10
2/8/2018,屏東縣,0
2/8/2018,苗栗縣,4
2/8/2018,桃園市,9
2/8/2018,高雄市,0
2/8/2018,基隆市,19.5
2/8/2018,連江縣,0
2/8/2018,雲林縣,3.5
2/8/2018,新北市,9.5
2/8/2018,新竹縣,4
2/8/2018,嘉義縣,3.5
2/8/2018,彰化縣,3
2/8/2018,臺中市,4
2/8/2018,臺北市,9.5
2/8/2018,臺東縣,1.5
2/8/2018,臺南市,3.5
2/8/2018,澎湖縣,1.5
2/9/2018,宜蘭縣,0.5
2/9/2018,花蓮縣,0.09
2/9/2018,金門縣,0.1
2/9/2018,南投縣,5
2/9/2018,屏東縣,0
2/9/2018,苗栗縣,1
2/9/2018,桃園市,3
2/9/2018,高雄市,0
2/9/2018,基隆市,5
2/9/2018,連江縣,0
2/9/2018,雲林縣,4
2/9/2018,新北市,5.5
2/9/2018,新竹縣,2
2/9/2018,嘉義縣,1
2/9/2018,彰化縣,2
2/9/2018,臺中市,0.5
2/9/2018,臺北市,3.9
2/9/2018,臺東縣,0.5
2/9/2018,臺南市,0
2/9/2018,澎湖縣,1
2/10/2018,宜蘭縣,2
2/10/2018,花蓮縣,0
2/10/2018,金門縣,8
2/10/2018,南投縣,2
2/10/2018,屏東縣,0
2/10/2018,苗栗縣,0.5
2/10/2018,桃園市,4
2/10/2018,高雄市,0
2/10/2018,基隆市,33
2/10/2018,連江縣,0
2/10/2018,雲林縣,0.5
2/10/2018,新北市,5.5
2/10/2018,新竹縣,1.5
2/10/2018,嘉義縣,0.5
2/10/2018,彰化縣,0.5
2/10/2018,臺中市,0.09
2/10/2018,臺北市,5.9
2/10/2018,臺東縣,0.8
2/10/2018,臺南市,0.5
2/10/2018,澎湖縣,0.4
2/11/2018,宜蘭縣,1.9
2/11/2018,花蓮縣,0.5
2/11/2018,金門縣,0
2/11/2018,南投縣,5.5
2/11/2018,屏東縣,3.5
2/11/2018,苗栗縣,1.5
2/11/2018,桃園市,4.5
2/11/2018,高雄市,3.5
2/11/2018,基隆市,16.5
2/11/2018,連江縣,0
2/11/2018,雲林縣,2.5
2/11/2018,新北市,7
2/11/2018,新竹縣,2
2/11/2018,嘉義縣,0.5
2/11/2018,彰化縣,1
2/11/2018,臺中市,1
2/11/2018,臺北市,4.5
2/11/2018,臺東縣,0.09
2/11/2018,臺南市,0.5
2/11/2018,澎湖縣,0
2/12/2018,宜蘭縣,0
2/12/2018,花蓮縣,1
2/12/2018,金門縣,0
2/12/2018,南投縣,0
2/12/2018,屏東縣,0
2/12/2018,苗栗縣,0
2/12/2018,桃園市,0.5
2/12/2018,高雄市,0
2/12/2018,基隆市,0
2/12/2018,連江縣,0
2/12/2018,雲林縣,0
2/12/2018,新北市,0
2/12/2018,新竹縣,0
2/12/2018,嘉義縣,0
2/12/2018,彰化縣,0
2/12/2018,臺中市,0
2/12/2018,臺北市,0
2/12/2018,臺東縣,0.09
2/12/2018,臺南市,0
2/12/2018,澎湖縣,0
2/13/2018,宜蘭縣,0
2/13/2018,花蓮縣,2
2/13/2018,金門縣,0
2/13/2018,南投縣,0
2/13/2018,屏東縣,0
2/13/2018,苗栗縣,0
2/13/2018,桃園市,0
2/13/2018,高雄市,0
2/13/2018,基隆市,0
2/13/2018,連江縣,0
2/13/2018,雲林縣,0
2/13/2018,新北市,0
2/13/2018,新竹縣,0
2/13/2018,嘉義縣,0
2/13/2018,彰化縣,0
2/13/2018,臺中市,0
2/13/2018,臺北市,0
2/13/2018,臺東縣,2
2/13/2018,臺南市,0
2/13/2018,澎湖縣,0
2/14/2018,宜蘭縣,0
2/14/2018,花蓮縣,0
2/14/2018,金門縣,0
2/14/2018,南投縣,0
2/14/2018,屏東縣,0
2/14/2018,苗栗縣,0
2/14/2018,桃園市,0
2/14/2018,高雄市,0
2/14/2018,基隆市,0
2/14/2018,連江縣,0
2/14/2018,雲林縣,0
2/14/2018,新北市,0
2/14/2018,新竹縣,0
2/14/2018,嘉義縣,0
2/14/2018,彰化縣,0
2/14/2018,臺中市,0
2/14/2018,臺北市,0
2/14/2018,臺東縣,0
2/14/2018,臺南市,0
2/14/2018,澎湖縣,0
2/15/2018,宜蘭縣,0
2/15/2018,花蓮縣,0
2/15/2018,金門縣,0.6
2/15/2018,南投縣,0
2/15/2018,屏東縣,0
2/15/2018,苗栗縣,0
2/15/2018,桃園市,0
2/15/2018,高雄市,0
2/15/2018,基隆市,0
2/15/2018,連江縣,0
2/15/2018,雲林縣,0
2/15/2018,新北市,0
2/15/2018,新竹縣,0
2/15/2018,嘉義縣,0
2/15/2018,彰化縣,0
2/15/2018,臺中市,0
2/15/2018,臺北市,0
2/15/2018,臺東縣,0
2/15/2018,臺南市,0
2/15/2018,澎湖縣,0
2/16/2018,宜蘭縣,0
2/16/2018,花蓮縣,0
2/16/2018,金門縣,0
2/16/2018,南投縣,0
2/16/2018,屏東縣,0
2/16/2018,苗栗縣,0
2/16/2018,桃園市,0
2/16/2018,高雄市,0
2/16/2018,基隆市,0.4
2/16/2018,連江縣,0
2/16/2018,雲林縣,0
2/16/2018,新北市,0
2/16/2018,新竹縣,0
2/16/2018,嘉義縣,0
2/16/2018,彰化縣,0
2/16/2018,臺中市,0
2/16/2018,臺北市,0
2/16/2018,臺東縣,0.1
2/16/2018,臺南市,0
2/16/2018,澎湖縣,0
2/17/2018,宜蘭縣,3.4
2/17/2018,花蓮縣,0.5
2/17/2018,金門縣,0
2/17/2018,南投縣,0
2/17/2018,屏東縣,0
2/17/2018,苗栗縣,0
2/17/2018,桃園市,0
2/17/2018,高雄市,0
2/17/2018,基隆市,1
2/17/2018,連江縣,0
2/17/2018,雲林縣,0
2/17/2018,新北市,0
2/17/2018,新竹縣,0
2/17/2018,嘉義縣,0
2/17/2018,彰化縣,0
2/17/2018,臺中市,0
2/17/2018,臺北市,0
2/17/2018,臺東縣,0
2/17/2018,臺南市,0
2/17/2018,澎湖縣,0
2/18/2018,宜蘭縣,0.5
2/18/2018,花蓮縣,0
2/18/2018,金門縣,0
2/18/2018,南投縣,0
2/18/2018,屏東縣,0
2/18/2018,苗栗縣,0
2/18/2018,桃園市,0
2/18/2018,高雄市,0
2/18/2018,基隆市,0
2/18/2018,連江縣,0
2/18/2018,雲林縣,0
2/18/2018,新北市,0
2/18/2018,新竹縣,0
2/18/2018,嘉義縣,0
2/18/2018,彰化縣,0
2/18/2018,臺中市,0
2/18/2018,臺北市,0
2/18/2018,臺東縣,0
2/18/2018,臺南市,0
2/18/2018,澎湖縣,0
2/19/2018,宜蘭縣,0
2/19/2018,花蓮縣,0
2/19/2018,金門縣,0
2/19/2018,南投縣,0
2/19/2018,屏東縣,0
2/19/2018,苗栗縣,0
2/19/2018,桃園市,0
2/19/2018,高雄市,0
2/19/2018,基隆市,0
2/19/2018,連江縣,0
2/19/2018,雲林縣,0
2/19/2018,新北市,0
2/19/2018,新竹縣,0
2/19/2018,嘉義縣,0
2/19/2018,彰化縣,0
2/19/2018,臺中市,0
2/19/2018,臺北市,0
2/19/2018,臺東縣,0
2/19/2018,臺南市,0
2/19/2018,澎湖縣,0
2/20/2018,宜蘭縣,0
2/20/2018,花蓮縣,0
2/20/2018,金門縣,0
2/20/2018,南投縣,0
2/20/2018,屏東縣,0
2/20/2018,苗栗縣,0
2/20/2018,桃園市,0
2/20/2018,高雄市,0
2/20/2018,基隆市,0.1
2/20/2018,連江縣,0.09
2/20/2018,雲林縣,0
2/20/2018,新北市,0
2/20/2018,新竹縣,0
2/20/2018,嘉義縣,0
2/20/2018,彰化縣,0
2/20/2018,臺中市,0
2/20/2018,臺北市,0
2/20/2018,臺東縣,0.09
2/20/2018,臺南市,0
2/20/2018,澎湖縣,0
2/21/2018,宜蘭縣,0.5
2/21/2018,花蓮縣,0
2/21/2018,金門縣,0
2/21/2018,南投縣,0
2/21/2018,屏東縣,0
2/21/2018,苗栗縣,0
2/21/2018,桃園市,1
2/21/2018,高雄市,0
2/21/2018,基隆市,24.5
2/21/2018,連江縣,0.2
2/21/2018,雲林縣,0
2/21/2018,新北市,0.3
2/21/2018,新竹縣,1
2/21/2018,嘉義縣,0.09
2/21/2018,彰化縣,0
2/21/2018,臺中市,0
2/21/2018,臺北市,0.2
2/21/2018,臺東縣,0.2
2/21/2018,臺南市,0.5
2/21/2018,澎湖縣,0
2/22/2018,宜蘭縣,15
2/22/2018,花蓮縣,11
2/22/2018,金門縣,9.5
2/22/2018,南投縣,25
2/22/2018,屏東縣,1
2/22/2018,苗栗縣,17
2/22/2018,桃園市,28
2/22/2018,高雄市,0.09
2/22/2018,基隆市,46
2/22/2018,連江縣,3.9
2/22/2018,雲林縣,20
2/22/2018,新北市,24
2/22/2018,新竹縣,23.5
2/22/2018,嘉義縣,12.5
2/22/2018,彰化縣,16
2/22/2018,臺中市,14
2/22/2018,臺北市,19.1
2/22/2018,臺東縣,0.5
2/22/2018,臺南市,5.5
2/22/2018,澎湖縣,4.5
2/23/2018,宜蘭縣,0.3
2/23/2018,花蓮縣,11.5
2/23/2018,金門縣,0
2/23/2018,南投縣,0.09
2/23/2018,屏東縣,0
2/23/2018,苗栗縣,0
2/23/2018,桃園市,0
2/23/2018,高雄市,0
2/23/2018,基隆市,0.5
2/23/2018,連江縣,0
2/23/2018,雲林縣,0.5
2/23/2018,新北市,0.5
2/23/2018,新竹縣,0.5
2/23/2018,嘉義縣,0
2/23/2018,彰化縣,0
2/23/2018,臺中市,0.09
2/23/2018,臺北市,0
2/23/2018,臺東縣,0
2/23/2018,臺南市,0
2/23/2018,澎湖縣,0
2/24/2018,宜蘭縣,0.09
2/24/2018,花蓮縣,0
2/24/2018,金門縣,0.2
2/24/2018,南投縣,0
2/24/2018,屏東縣,0
2/24/2018,苗栗縣,0
2/24/2018,桃園市,0
2/24/2018,高雄市,0
2/24/2018,基隆市,0.09
2/24/2018,連江縣,3.2
2/24/2018,雲林縣,0
2/24/2018,新北市,0.09
2/24/2018,新竹縣,0.09
2/24/2018,嘉義縣,0
2/24/2018,彰化縣,0
2/24/2018,臺中市,0.09
2/24/2018,臺北市,0.09
2/24/2018,臺東縣,0
2/24/2018,臺南市,0
2/24/2018,澎湖縣,0.09
2/25/2018,宜蘭縣,2.2
2/25/2018,花蓮縣,1
2/25/2018,金門縣,0
2/25/2018,南投縣,0
2/25/2018,屏東縣,0
2/25/2018,苗栗縣,2.5
2/25/2018,桃園市,4.5
2/25/2018,高雄市,0
2/25/2018,基隆市,12
2/25/2018,連江縣,3.2
2/25/2018,雲林縣,0
2/25/2018,新北市,6
2/25/2018,新竹縣,4
2/25/2018,嘉義縣,0
2/25/2018,彰化縣,0
2/25/2018,臺中市,0
2/25/2018,臺北市,6.4
2/25/2018,臺東縣,6.5
2/25/2018,臺南市,0
2/25/2018,澎湖縣,0
2/26/2018,宜蘭縣,1
2/26/2018,花蓮縣,0
2/26/2018,金門縣,0
2/26/2018,南投縣,0
2/26/2018,屏東縣,0
2/26/2018,苗栗縣,0
2/26/2018,桃園市,0
2/26/2018,高雄市,0
2/26/2018,基隆市,0.5
2/26/2018,連江縣,0
2/26/2018,雲林縣,0
2/26/2018,新北市,0.09
2/26/2018,新竹縣,0
2/26/2018,嘉義縣,0
2/26/2018,彰化縣,0
2/26/2018,臺中市,0
2/26/2018,臺北市,0.1
2/26/2018,臺東縣,0
2/26/2018,臺南市,0
2/26/2018,澎湖縣,0
2/27/2018,宜蘭縣,0
2/27/2018,花蓮縣,0
2/27/2018,金門縣,0
2/27/2018,南投縣,0
2/27/2018,屏東縣,0
2/27/2018,苗栗縣,0
2/27/2018,桃園市,0
2/27/2018,高雄市,0
2/27/2018,基隆市,0
2/27/2018,連江縣,0
2/27/2018,雲林縣,0
2/27/2018,新北市,0
2/27/2018,新竹縣,0
2/27/2018,嘉義縣,0
2/27/2018,彰化縣,0
2/27/2018,臺中市,0
2/27/2018,臺北市,0
2/27/2018,臺東縣,0.09
2/27/2018,臺南市,0
2/27/2018,澎湖縣,0
2/28/2018,宜蘭縣,1.5
2/28/2018,花蓮縣,0.5
2/28/2018,金門縣,1.5
2/28/2018,南投縣,1
2/28/2018,屏東縣,0
2/28/2018,苗栗縣,2.5
2/28/2018,桃園市,11.5
2/28/2018,高雄市,0
2/28/2018,基隆市,13
2/28/2018,連江縣,4
2/28/2018,雲林縣,0
2/28/2018,新北市,19
2/28/2018,新竹縣,9
2/28/2018,嘉義縣,0
2/28/2018,彰化縣,4
2/28/2018,臺中市,1
2/28/2018,臺北市,19.3
2/28/2018,臺東縣,0.09
2/28/2018,臺南市,0
2/28/2018,澎湖縣,0
3/1/2018,宜蘭縣,4.1
3/1/2018,花蓮縣,11
3/1/2018,金門縣,0
3/1/2018,南投縣,0
3/1/2018,屏東縣,0
3/1/2018,苗栗縣,0
3/1/2018,桃園市,0
3/1/2018,高雄市,0
3/1/2018,基隆市,0
3/1/2018,連江縣,0
3/1/2018,雲林縣,0
3/1/2018,新北市,0
3/1/2018,新竹縣,0
3/1/2018,嘉義縣,0.09
3/1/2018,彰化縣,0
3/1/2018,臺中市,0
3/1/2018,臺北市,0.09
3/1/2018,臺東縣,0
3/1/2018,臺南市,0
3/1/2018,澎湖縣,0.09
3/2/2018,宜蘭縣,4
3/2/2018,花蓮縣,0.5
3/2/2018,金門縣,0
3/2/2018,南投縣,0
3/2/2018,屏東縣,0
3/2/2018,苗栗縣,0
3/2/2018,桃園市,0
3/2/2018,高雄市,0
3/2/2018,基隆市,0
3/2/2018,連江縣,0
3/2/2018,雲林縣,0
3/2/2018,新北市,0
3/2/2018,新竹縣,0
3/2/2018,嘉義縣,0
3/2/2018,彰化縣,0
3/2/2018,臺中市,0
3/2/2018,臺北市,0
3/2/2018,臺東縣,0.09
3/2/2018,臺南市,0
3/2/2018,澎湖縣,0
3/3/2018,宜蘭縣,0
3/3/2018,花蓮縣,0
3/3/2018,金門縣,0
3/3/2018,南投縣,0
3/3/2018,屏東縣,0
3/3/2018,苗栗縣,0
3/3/2018,桃園市,0
3/3/2018,高雄市,0
3/3/2018,基隆市,0
3/3/2018,連江縣,0
3/3/2018,雲林縣,0
3/3/2018,新北市,0
3/3/2018,新竹縣,0
3/3/2018,嘉義縣,0
3/3/2018,彰化縣,0
3/3/2018,臺中市,0
3/3/2018,臺北市,0
3/3/2018,臺東縣,0
3/3/2018,臺南市,0
3/3/2018,澎湖縣,0
3/4/2018,宜蘭縣,0.7
3/4/2018,花蓮縣,1
3/4/2018,金門縣,0
3/4/2018,南投縣,2.5
3/4/2018,屏東縣,0
3/4/2018,苗栗縣,0
3/4/2018,桃園市,0
3/4/2018,高雄市,0
3/4/2018,基隆市,0.3
3/4/2018,連江縣,4
3/4/2018,雲林縣,0
3/4/2018,新北市,0
3/4/2018,新竹縣,0
3/4/2018,嘉義縣,0
3/4/2018,彰化縣,0
3/4/2018,臺中市,0
3/4/2018,臺北市,0.1
3/4/2018,臺東縣,0
3/4/2018,臺南市,0
3/4/2018,澎湖縣,0
3/5/2018,宜蘭縣,8.4
3/5/2018,花蓮縣,0
3/5/2018,金門縣,0
3/5/2018,南投縣,7
3/5/2018,屏東縣,0
3/5/2018,苗栗縣,0
3/5/2018,桃園市,0.5
3/5/2018,高雄市,0
3/5/2018,基隆市,7.5
3/5/2018,連江縣,0.09
3/5/2018,雲林縣,0
3/5/2018,新北市,0.5
3/5/2018,新竹縣,0
3/5/2018,嘉義縣,0
3/5/2018,彰化縣,0
3/5/2018,臺中市,0
3/5/2018,臺北市,1.3
3/5/2018,臺東縣,0
3/5/2018,臺南市,0
3/5/2018,澎湖縣,0
3/6/2018,宜蘭縣,0.2
3/6/2018,花蓮縣,0
3/6/2018,金門縣,0
3/6/2018,南投縣,0
3/6/2018,屏東縣,0
3/6/2018,苗栗縣,0
3/6/2018,桃園市,0
3/6/2018,高雄市,0
3/6/2018,基隆市,7.5
3/6/2018,連江縣,2.5
3/6/2018,雲林縣,0
3/6/2018,新北市,0
3/6/2018,新竹縣,0
3/6/2018,嘉義縣,0
3/6/2018,彰化縣,0
3/6/2018,臺中市,0
3/6/2018,臺北市,0
3/6/2018,臺東縣,0
3/6/2018,臺南市,0
3/6/2018,澎湖縣,0
3/7/2018,宜蘭縣,0.5
3/7/2018,花蓮縣,1
3/7/2018,金門縣,0.5
3/7/2018,南投縣,0
3/7/2018,屏東縣,0
3/7/2018,苗栗縣,0.5
3/7/2018,桃園市,2.5
3/7/2018,高雄市,0
3/7/2018,基隆市,3
3/7/2018,連江縣,4.5
3/7/2018,雲林縣,0
3/7/2018,新北市,0.5
3/7/2018,新竹縣,0.5
3/7/2018,嘉義縣,0
3/7/2018,彰化縣,0
3/7/2018,臺中市,0
3/7/2018,臺北市,1.5
3/7/2018,臺東縣,0
3/7/2018,臺南市,0
3/7/2018,澎湖縣,0
3/8/2018,宜蘭縣,5.6
3/8/2018,花蓮縣,1
3/8/2018,金門縣,5
3/8/2018,南投縣,13.5
3/8/2018,屏東縣,10
3/8/2018,苗栗縣,19.5
3/8/2018,桃園市,22
3/8/2018,高雄市,5.5
3/8/2018,基隆市,23.5
3/8/2018,連江縣,0
3/8/2018,雲林縣,5
3/8/2018,新北市,25.5
3/8/2018,新竹縣,20
3/8/2018,嘉義縣,4
3/8/2018,彰化縣,2.5
3/8/2018,臺中市,8
3/8/2018,臺北市,25.3
3/8/2018,臺東縣,4
3/8/2018,臺南市,1.5
3/8/2018,澎湖縣,4.7
3/9/2018,宜蘭縣,0.1
3/9/2018,花蓮縣,0.5
3/9/2018,金門縣,0
3/9/2018,南投縣,1
3/9/2018,屏東縣,4.5
3/9/2018,苗栗縣,0
3/9/2018,桃園市,0
3/9/2018,高雄市,1.5
3/9/2018,基隆市,0
3/9/2018,連江縣,0
3/9/2018,雲林縣,0
3/9/2018,新北市,0
3/9/2018,新竹縣,0
3/9/2018,嘉義縣,0.09
3/9/2018,彰化縣,0
3/9/2018,臺中市,0.09
3/9/2018,臺北市,0
3/9/2018,臺東縣,2.6
3/9/2018,臺南市,1
3/9/2018,澎湖縣,0
3/10/2018,宜蘭縣,0
3/10/2018,花蓮縣,0
3/10/2018,金門縣,0
3/10/2018,南投縣,0
3/10/2018,屏東縣,0
3/10/2018,苗栗縣,0
3/10/2018,桃園市,0
3/10/2018,高雄市,0
3/10/2018,基隆市,0
3/10/2018,連江縣,0
3/10/2018,雲林縣,0
3/10/2018,新北市,0
3/10/2018,新竹縣,0
3/10/2018,嘉義縣,0
3/10/2018,彰化縣,0
3/10/2018,臺中市,0
3/10/2018,臺北市,0
3/10/2018,臺東縣,0
3/10/2018,臺南市,0
3/10/2018,澎湖縣,0
3/11/2018,宜蘭縣,0
3/11/2018,花蓮縣,0
3/11/2018,金門縣,0
3/11/2018,南投縣,0
3/11/2018,屏東縣,0
3/11/2018,苗栗縣,0
3/11/2018,桃園市,0
3/11/2018,高雄市,0
3/11/2018,基隆市,0
3/11/2018,連江縣,0
3/11/2018,雲林縣,0
3/11/2018,新北市,0
3/11/2018,新竹縣,0
3/11/2018,嘉義縣,0
3/11/2018,彰化縣,0
3/11/2018,臺中市,0
3/11/2018,臺北市,0
3/11/2018,臺東縣,0
3/11/2018,臺南市,0
3/11/2018,澎湖縣,0
3/12/2018,宜蘭縣,0
3/12/2018,花蓮縣,0
3/12/2018,金門縣,0
3/12/2018,南投縣,0
3/12/2018,屏東縣,0
3/12/2018,苗栗縣,0
3/12/2018,桃園市,0
3/12/2018,高雄市,0
3/12/2018,基隆市,0
3/12/2018,連江縣,0
3/12/2018,雲林縣,0
3/12/2018,新北市,0
3/12/2018,新竹縣,0
3/12/2018,嘉義縣,0
3/12/2018,彰化縣,0
3/12/2018,臺中市,0
3/12/2018,臺北市,0
3/12/2018,臺東縣,0
3/12/2018,臺南市,0
3/12/2018,澎湖縣,0
3/13/2018,宜蘭縣,0
3/13/2018,花蓮縣,0
3/13/2018,金門縣,0
3/13/2018,南投縣,0
3/13/2018,屏東縣,0
3/13/2018,苗栗縣,0
3/13/2018,桃園市,0
3/13/2018,高雄市,0
3/13/2018,基隆市,0
3/13/2018,連江縣,0
3/13/2018,雲林縣,0
3/13/2018,新北市,0
3/13/2018,新竹縣,0
3/13/2018,嘉義縣,0
3/13/2018,彰化縣,0
3/13/2018,臺中市,0
3/13/2018,臺北市,0
3/13/2018,臺東縣,0
3/13/2018,臺南市,0
3/13/2018,澎湖縣,0
3/14/2018,宜蘭縣,0.09
3/14/2018,花蓮縣,0.09
3/14/2018,金門縣,0
3/14/2018,南投縣,0
3/14/2018,屏東縣,0
3/14/2018,苗栗縣,0
3/14/2018,桃園市,0
3/14/2018,高雄市,0
3/14/2018,基隆市,0.2
3/14/2018,連江縣,0
3/14/2018,雲林縣,0
3/14/2018,新北市,0.2
3/14/2018,新竹縣,0
3/14/2018,嘉義縣,0
3/14/2018,彰化縣,0
3/14/2018,臺中市,0
3/14/2018,臺北市,0.4
3/14/2018,臺東縣,2.5
3/14/2018,臺南市,0
3/14/2018,澎湖縣,0
3/15/2018,宜蘭縣,8.5
3/15/2018,花蓮縣,15
3/15/2018,金門縣,5.3
3/15/2018,南投縣,13.5
3/15/2018,屏東縣,27
3/15/2018,苗栗縣,15
3/15/2018,桃園市,2.5
3/15/2018,高雄市,34
3/15/2018,基隆市,4
3/15/2018,連江縣,8.5
3/15/2018,雲林縣,25.5
3/15/2018,新北市,2.3
3/15/2018,新竹縣,4.5
3/15/2018,嘉義縣,22.5
3/15/2018,彰化縣,19.5
3/15/2018,臺中市,20.5
3/15/2018,臺北市,1.4
3/15/2018,臺東縣,15.5
3/15/2018,臺南市,14
3/15/2018,澎湖縣,32.3
3/16/2018,宜蘭縣,0.2
3/16/2018,花蓮縣,4.5
3/16/2018,金門縣,0
3/16/2018,南投縣,3
3/16/2018,屏東縣,0
3/16/2018,苗栗縣,0
3/16/2018,桃園市,0
3/16/2018,高雄市,0.5
3/16/2018,基隆市,1
3/16/2018,連江縣,0
3/16/2018,雲林縣,0
3/16/2018,新北市,0.09
3/16/2018,新竹縣,0
3/16/2018,嘉義縣,0
3/16/2018,彰化縣,0
3/16/2018,臺中市,0.09
3/16/2018,臺北市,0.5
3/16/2018,臺東縣,0.9
3/16/2018,臺南市,0.09
3/16/2018,澎湖縣,0
3/17/2018,宜蘭縣,0.4
3/17/2018,花蓮縣,0
3/17/2018,金門縣,0
3/17/2018,南投縣,0
3/17/2018,屏東縣,0
3/17/2018,苗栗縣,0
3/17/2018,桃園市,0
3/17/2018,高雄市,0
3/17/2018,基隆市,2.5
3/17/2018,連江縣,0
3/17/2018,雲林縣,0
3/17/2018,新北市,0
3/17/2018,新竹縣,0
3/17/2018,嘉義縣,0
3/17/2018,彰化縣,0
3/17/2018,臺中市,0
3/17/2018,臺北市,0
3/17/2018,臺東縣,0
3/17/2018,臺南市,0
3/17/2018,澎湖縣,0
3/18/2018,宜蘭縣,0.5
3/18/2018,花蓮縣,0
3/18/2018,金門縣,0
3/18/2018,南投縣,0
3/18/2018,屏東縣,0
3/18/2018,苗栗縣,0
3/18/2018,桃園市,0
3/18/2018,高雄市,0
3/18/2018,基隆市,0.5
3/18/2018,連江縣,0
3/18/2018,雲林縣,0
3/18/2018,新北市,0
3/18/2018,新竹縣,0
3/18/2018,嘉義縣,0
3/18/2018,彰化縣,0
3/18/2018,臺中市,0
3/18/2018,臺北市,0
3/18/2018,臺東縣,0
3/18/2018,臺南市,0
3/18/2018,澎湖縣,0
3/19/2018,宜蘭縣,0
3/19/2018,花蓮縣,1
3/19/2018,金門縣,3
3/19/2018,南投縣,0
3/19/2018,屏東縣,0
3/19/2018,苗栗縣,0
3/19/2018,桃園市,0
3/19/2018,高雄市,0
3/19/2018,基隆市,1.5
3/19/2018,連江縣,4.2
3/19/2018,雲林縣,2
3/19/2018,新北市,0
3/19/2018,新竹縣,0.09
3/19/2018,嘉義縣,0
3/19/2018,彰化縣,0.5
3/19/2018,臺中市,0.09
3/19/2018,臺北市,0
3/19/2018,臺東縣,0.09
3/19/2018,臺南市,0
3/19/2018,澎湖縣,0
3/20/2018,宜蘭縣,0
3/20/2018,花蓮縣,0
3/20/2018,金門縣,21.6
3/20/2018,南投縣,4.5
3/20/2018,屏東縣,1
3/20/2018,苗栗縣,30
3/20/2018,桃園市,22
3/20/2018,高雄市,15.5
3/20/2018,基隆市,11
3/20/2018,連江縣,44
3/20/2018,雲林縣,4.5
3/20/2018,新北市,5
3/20/2018,新竹縣,28.5
3/20/2018,嘉義縣,5
3/20/2018,彰化縣,9
3/20/2018,臺中市,7
3/20/2018,臺北市,6.3
3/20/2018,臺東縣,0.2
3/20/2018,臺南市,2.5
3/20/2018,澎湖縣,8.2
3/21/2018,宜蘭縣,0
3/21/2018,花蓮縣,2.5
3/21/2018,金門縣,0
3/21/2018,南投縣,0
3/21/2018,屏東縣,0
3/21/2018,苗栗縣,0
3/21/2018,桃園市,0
3/21/2018,高雄市,0
3/21/2018,基隆市,1
3/21/2018,連江縣,0
3/21/2018,雲林縣,0
3/21/2018,新北市,0.3
3/21/2018,新竹縣,0
3/21/2018,嘉義縣,0
3/21/2018,彰化縣,0
3/21/2018,臺中市,0
3/21/2018,臺北市,0.4
3/21/2018,臺東縣,8.2
3/21/2018,臺南市,0
3/21/2018,澎湖縣,0
3/22/2018,宜蘭縣,0
3/22/2018,花蓮縣,0
3/22/2018,金門縣,0
3/22/2018,南投縣,0
3/22/2018,屏東縣,0
3/22/2018,苗栗縣,0
3/22/2018,桃園市,0
3/22/2018,高雄市,0
3/22/2018,基隆市,0
3/22/2018,連江縣,0
3/22/2018,雲林縣,0
3/22/2018,新北市,0
3/22/2018,新竹縣,0
3/22/2018,嘉義縣,0
3/22/2018,彰化縣,0
3/22/2018,臺中市,0
3/22/2018,臺北市,0
3/22/2018,臺東縣,1
3/22/2018,臺南市,0
3/22/2018,澎湖縣,0
3/23/2018,宜蘭縣,0
3/23/2018,花蓮縣,0
3/23/2018,金門縣,0
3/23/2018,南投縣,0
3/23/2018,屏東縣,0
3/23/2018,苗栗縣,0
3/23/2018,桃園市,0
3/23/2018,高雄市,0
3/23/2018,基隆市,0
3/23/2018,連江縣,0
3/23/2018,雲林縣,0
3/23/2018,新北市,0
3/23/2018,新竹縣,0
3/23/2018,嘉義縣,0
3/23/2018,彰化縣,0
3/23/2018,臺中市,0
3/23/2018,臺北市,0
3/23/2018,臺東縣,0.09
3/23/2018,臺南市,0
3/23/2018,澎湖縣,0
3/24/2018,宜蘭縣,0
3/24/2018,花蓮縣,0
3/24/2018,金門縣,0
3/24/2018,南投縣,0
3/24/2018,屏東縣,0
3/24/2018,苗栗縣,0
3/24/2018,桃園市,0
3/24/2018,高雄市,0
3/24/2018,基隆市,0
3/24/2018,連江縣,0
3/24/2018,雲林縣,0
3/24/2018,新北市,0
3/24/2018,新竹縣,0
3/24/2018,嘉義縣,0
3/24/2018,彰化縣,0
3/24/2018,臺中市,0
3/24/2018,臺北市,0
3/24/2018,臺東縣,0
3/24/2018,臺南市,0
3/24/2018,澎湖縣,0
3/25/2018,宜蘭縣,0
3/25/2018,花蓮縣,0
3/25/2018,金門縣,0
3/25/2018,南投縣,0
3/25/2018,屏東縣,0
3/25/2018,苗栗縣,0
3/25/2018,桃園市,0
3/25/2018,高雄市,0
3/25/2018,基隆市,0
3/25/2018,連江縣,0
3/25/2018,雲林縣,0
3/25/2018,新北市,0
3/25/2018,新竹縣,0
3/25/2018,嘉義縣,0
3/25/2018,彰化縣,0
3/25/2018,臺中市,0
3/25/2018,臺北市,0
3/25/2018,臺東縣,0
3/25/2018,臺南市,0
3/25/2018,澎湖縣,0
3/26/2018,宜蘭縣,1.5
3/26/2018,花蓮縣,0
3/26/2018,金門縣,0.09
3/26/2018,南投縣,0
3/26/2018,屏東縣,0.5
3/26/2018,苗栗縣,0
3/26/2018,桃園市,0
3/26/2018,高雄市,0
3/26/2018,基隆市,0
3/26/2018,連江縣,1.6
3/26/2018,雲林縣,0
3/26/2018,新北市,0
3/26/2018,新竹縣,0
3/26/2018,嘉義縣,0
3/26/2018,彰化縣,0
3/26/2018,臺中市,0
3/26/2018,臺北市,0
3/26/2018,臺東縣,0
3/26/2018,臺南市,0
3/26/2018,澎湖縣,0
3/27/2018,宜蘭縣,0.5
3/27/2018,花蓮縣,19.5
3/27/2018,金門縣,0
3/27/2018,南投縣,0
3/27/2018,屏東縣,0
3/27/2018,苗栗縣,0
3/27/2018,桃園市,0
3/27/2018,高雄市,0
3/27/2018,基隆市,0
3/27/2018,連江縣,0
3/27/2018,雲林縣,0
3/27/2018,新北市,0
3/27/2018,新竹縣,0
3/27/2018,嘉義縣,0
3/27/2018,彰化縣,0
3/27/2018,臺中市,0
3/27/2018,臺北市,0.1
3/27/2018,臺東縣,0
3/27/2018,臺南市,0
3/27/2018,澎湖縣,0
3/28/2018,宜蘭縣,0.09
3/28/2018,花蓮縣,0.09
3/28/2018,金門縣,0
3/28/2018,南投縣,0
3/28/2018,屏東縣,0
3/28/2018,苗栗縣,0
3/28/2018,桃園市,0
3/28/2018,高雄市,0
3/28/2018,基隆市,5
3/28/2018,連江縣,0
3/28/2018,雲林縣,0
3/28/2018,新北市,0
3/28/2018,新竹縣,0
3/28/2018,嘉義縣,0
3/28/2018,彰化縣,0
3/28/2018,臺中市,0
3/28/2018,臺北市,0
3/28/2018,臺東縣,1.1
3/28/2018,臺南市,0
3/28/2018,澎湖縣,0
3/29/2018,宜蘭縣,0
3/29/2018,花蓮縣,0.5
3/29/2018,金門縣,0
3/29/2018,南投縣,0
3/29/2018,屏東縣,0
3/29/2018,苗栗縣,0
3/29/2018,桃園市,0
3/29/2018,高雄市,0
3/29/2018,基隆市,0
3/29/2018,連江縣,0
3/29/2018,雲林縣,0
3/29/2018,新北市,0
3/29/2018,新竹縣,0
3/29/2018,嘉義縣,0
3/29/2018,彰化縣,0
3/29/2018,臺中市,0
3/29/2018,臺北市,0
3/29/2018,臺東縣,0.09
3/29/2018,臺南市,0
3/29/2018,澎湖縣,0
3/30/2018,宜蘭縣,5
3/30/2018,花蓮縣,9.5
3/30/2018,金門縣,0
3/30/2018,南投縣,0
3/30/2018,屏東縣,0
3/30/2018,苗栗縣,0
3/30/2018,桃園市,0
3/30/2018,高雄市,0
3/30/2018,基隆市,0.09
3/30/2018,連江縣,0
3/30/2018,雲林縣,0
3/30/2018,新北市,0.2
3/30/2018,新竹縣,0
3/30/2018,嘉義縣,0
3/30/2018,彰化縣,0
3/30/2018,臺中市,0
3/30/2018,臺北市,0.09
3/30/2018,臺東縣,2.4
3/30/2018,臺南市,0
3/30/2018,澎湖縣,0
3/31/2018,宜蘭縣,0
3/31/2018,花蓮縣,0.09
3/31/2018,金門縣,0
3/31/2018,南投縣,0
3/31/2018,屏東縣,0
3/31/2018,苗栗縣,0
3/31/2018,桃園市,0
3/31/2018,高雄市,0
3/31/2018,基隆市,0.9
3/31/2018,連江縣,0
3/31/2018,雲林縣,0
3/31/2018,新北市,0
3/31/2018,新竹縣,0
3/31/2018,嘉義縣,0
3/31/2018,彰化縣,0
3/31/2018,臺中市,0
3/31/2018,臺北市,0
3/31/2018,臺東縣,0.09
3/31/2018,臺南市,0
3/31/2018,澎湖縣,0
